Network,Site_Code,Lon,Lat,Texture,Topo,Site_Info,Corr_Val,RMSE_Val,MinSM,MaxSM,Heuristic,Vert_Shift,Amplitude,Horiz_Shift,Porosity,Res_SM,Drainage,n,Class,Zone,Easting,Northing
ARS,FC01,-98.6064,35.4551,4,1,"Fort Cobb, OK (ARS)",0.71,3.496,2.5,26,0.561234043,0.024,0.018,252.87,19.35,2.36,0.206,300,IAQ,14S,535716,3923584
ARS,FC02,-98.5443,35.4504,3,1,"Fort Cobb, OK (ARS)",0.843,4.036,7,39,0.716875,0.021,0.017,247.6,31.76,10.86,0.34,300,IAQ,14S,541354,3923087
ARS,FC03,-98.7087,35.4237,6,1,"Fort Cobb, OK (ARS)",0.851,4.31,2.5,37,0.726072464,0.021,0.02,251.98,33.5,11.29,0.148,300,IAQ,14S,526443,3920070
ARS,FC04,-98.6233,35.3923,3,1,"Fort Cobb, OK (ARS)",0.863,2.173,2.5,18,0.722806452,0.035,0.024,261.13,13.7,1.55,0.42,300,IAQ,14S,534209,3916614
ARS,FC05,-98.571,35.4072,6,1,"Fort Cobb, OK (ARS)",0.71,5.31,3,37,0.553823529,0.028,0.028,261.66,26.94,6.58,0.416,300,IAQ,14S,538952,3918286
ARS,FC06,-98.5138,35.3915,3,1,"Fort Cobb, OK (ARS)",0.857,4.637,2.5,31,0.694298246,0.02,0.02,259.19,24.45,6.89,0.259,300,IAQ,14S,544154,3916568
ARS,FC07,-98.465,35.3764,3,1,"Fort Cobb, OK (ARS)",0.65,3.446,2.5,24,0.48972093,0.023,0.022,261.61,18.1,3.67,0.253,300,IAQ,14S,548595,3914917
ARS,FC08,-98.5712,35.3611,6,1,"Fort Cobb, OK (ARS)",0.859,3.042,3,29,0.742,0.016,0.027,254.9,25.43,5.38,0.241,300,IAQ,14S,538956,3913173
ARS,FC09,-98.5675,35.3123,6,1,"Fort Cobb, OK (ARS)",0.824,4.845,4,32,0.650964286,0.02,0.02,252.83,24.69,7.47,0.287,300,IAQ,14S,539315,3907762
ARS,FC10,-98.5202,35.3303,3,1,"Fort Cobb, OK (ARS)",0.857,1.543,2.5,15,0.73356,0.052,0.013,306.23,9.5,4.38,0.438,300,IAQ,14S,543606,3909778
ARS,FC11,-98.4383,35.3343,3,1,"Fort Cobb, OK (ARS)",0.651,3.631,2.5,22,0.464794872,0.015,0.015,295.21,17.98,6.5,0.113,300,IAQ,14S,551046,3910261
ARS,FC12,-98.4914,35.3051,3,1,"Fort Cobb, OK (ARS)",0.838,8.222,2.5,39,0.612739726,0.018,0.018,257.7,31.6,10.38,0.252,300,IAQ,14S,546237,3906996
ARS,FC13,-98.6357,35.291,4,1,"Fort Cobb, OK (ARS)",0.861,5.539,8,41,0.693151515,0.02,0.02,257.21,35.98,16.79,0.345,300,IAQ,14S,533124,3905375
ARS,FC14,-98.4371,35.283,3,1,"Fort Cobb, OK (ARS)",0.702,5.363,4,39,0.548771429,0.015,0.015,266.67,24.4,7.59,0.424,300,IAQ,14S,551188,3904572
ARS,FC15,-98.6063,35.2294,-1,-1,"Fort Cobb, OK (ARS)",0.711,6.057,2.5,32,0.505677966,0.026,0.026,267.38,24.63,3.11,0.224,300,IAQ,14S,535825,3898554
ARS,LR01,-83.5736813,31.48662093,2,1,"Little River, GA (ARS)",0.382,7.491,2.2,36.2,0.161676471,0.008,0.006,263.7,29.8,7.29,0.071,450,LWC,17R,255519,3486402
ARS,LR02,-83.6389455,31.52343749,2,1,"Little River, GA (ARS)",0.594,3.924,0,21.7,0.413170507,0.048,0.006,114.28,12.57,1.02,0.365,450,LWC,17R,249416,3490632
ARS,LR03,-83.56732932,31.55747289,2,1,"Little River, GA (ARS)",0.476,4.725,1.3,29.3,0.30725,0.031,0.006,304.97,18.22,7.12,0.226,450,LWC,17R,256307,3494245
ARS,LR04,-83.65478649,31.59111475,2,1,"Little River, GA (ARS)",0.509,3.779,0,21.3,0.33158216,0.04,0.011,248.7,13.62,1.78,0.214,450,LWC,17R,248093,3498173
ARS,LR05,-83.61191908,31.62712039,2,1,"Little River, GA (ARS)",-1,-1,-1,42.9,-0.977220957,0.023,0.006,84.69,38.87,12.98,0.087,450,LWC,17R,252258,3502068
ARS,LR06,-83.66595549,31.63423986,2,1,"Little River, GA (ARS)",0.367,4.616,0.1,22.8,0.163651982,0.012,0.031,248.01,13.26,0,0.145,450,LWC,17R,247150,3502981
ARS,LR07,-83.71932486,31.67563457,2,3,"Little River, GA (ARS)",0.488,4.094,0,21.1,0.293971564,0.034,0.01,35.74,14.34,1.19,0.178,450,LWC,17R,242201,3507697
ARS,LR08,-83.69822766,31.67098414,2,1,"Little River, GA (ARS)",0.666,4.358,0.3,25,0.489562753,0.033,0.018,271.49,16.15,1.89,0.319,450,LWC,17R,244189,3507131
ARS,LR09,-83.64213328,31.67271641,2,1,"Little River, GA (ARS)",0.676,3.015,0.1,24.5,0.552434426,0.018,0.022,256.46,18.13,1.21,0.135,450,LWC,17R,249513,3507193
ARS,LR10,-83.69268689,31.69170844,2,2,"Little River, GA (ARS)",0.345,5.136,0,30.1,0.174368771,0.049,0.007,116.66,18.9,0.76,0.181,450,LWC,17R,244771,3509416
ARS,LR11,-83.75400675,31.70928978,2,2,"Little River, GA (ARS)",0.648,2.847,0,18.7,0.495754011,0.025,0.009,288.37,13.45,2.73,0.212,450,LWC,17R,239006,3511511
ARS,LR12,-83.70537646,31.70491502,2,1,"Little River, GA (ARS)",0.566,3.21,0,26.4,0.444409091,0.036,0.005,214.47,18.23,2.23,0.11,450,LWC,17R,243604,3510911
ARS,LR13,-83.67383869,31.71093096,2,3,"Little River, GA (ARS)",0.545,2.648,0.2,24.2,0.434666667,0.044,0.014,66.77,20.06,2.73,0.087,450,LWC,17R,246611,3511504
ARS,LR14,-83.71639916,31.72595446,2,2,"Little River, GA (ARS)",0.739,1.459,0,15.5,0.644870968,0.04,0.032,245.53,11.52,0.6,0.127,450,LWC,17R,242617,3513270
ARS,LR15,-83.7601,31.73286,2,2,"Little River, GA (ARS)",0.676,3.626,0.1,23.9,0.523647059,0.045,0.02,269.37,21.02,5.06,0.175,450,LWC,17R,238495,3514140
ARS,LR16,-83.69294364,31.75196518,2,1,"Little River, GA (ARS)",0.663,4.054,0.2,26.8,0.510593985,0.024,0.002,209.86,27.43,5.61,0.062,450,LWC,17R,244912,3516099
ARS,LR17,-83.72148801,31.76101578,2,1,"Little River, GA (ARS)",0.731,3.331,0.1,25.3,0.59881746,0.037,0.014,274.43,18.69,2.83,0.189,450,LWC,17R,242232,3517170
ARS,LR18,-83.75166241,31.75625554,2,1,"Little River, GA (ARS)",0.531,3.341,0,17.2,0.336755814,0.059,0.007,93.38,11.17,1.91,0.317,450,LWC,17R,239360,3516714
ARS,LR19,-83.55747307,31.50634582,2,1,"Little River, GA (ARS)",0.356,5.399,1.7,26,0.13381893,0.049,0.044,217.96,15.15,5.87,0.549,450,LWC,17R,257110,3488554
ARS,LR20,-83.54756642,31.52132516,2,1,"Little River, GA (ARS)",0.608,5.444,1.7,33.4,0.436264984,0.02,0.007,298.04,22.7,1.71,0.198,450,LWC,17R,258090,3490193
ARS,LR21,-83.41133341,31.64322715,2,1,"Little River, GA (ARS)",0.737,1.813,0,14,0.6075,0.049,0.006,278.27,9.78,0.92,0.257,450,LWC,17R,271328,3503416
ARS,LR22,-83.60210875,31.6717288,2,1,"Little River, GA (ARS)",0.109,8.905,1.9,30.5,-0.202363636,0.065,0.022,14.16,19.59,5.81,0.402,450,LWC,17R,253306,3506992
ARS,LR23,-83.70342882,31.56662593,2,1,"Little River, GA (ARS)",0.651,4.373,0.3,29.9,0.503263514,0.06,0.012,261.71,20.2,3.9,0.316,450,LWC,17R,243409,3495571
ARS,LR24,-83.36479821,31.41237743,2,1,"Little River, GA (ARS)",0.553,3.61,2.3,23.5,0.382716981,0.049,0.008,176.25,20.2,5,0.209,450,LWC,17R,275190,3477724
ARS,LR25,-83.48149341,31.72437267,2,1,"Little River, GA (ARS)",0.719,2.502,0,17.5,0.576028571,0.033,0.003,257.77,12.24,0,0.302,450,LWC,17R,264878,3512563
ARS,LR26,-83.42585134,31.48515345,2,1,"Little River, GA (ARS)",0.431,4.107,2.1,28.3,0.274244275,0.017,0.009,258.02,19.14,1.65,0.121,450,LWC,17R,269562,3485919
ARS,LR27,-83.68964529,31.38392562,2,2,"Little River, GA (ARS)",0.746,3.238,0.6,25.8,0.617507937,0.025,0.015,269.16,16.57,1.14,0.198,450,LWC,17R,244221,3475279
ARS,LR28,-83.5698369,31.29076805,2,1,"Little River, GA (ARS)",0.797,2.55,2.6,25.5,0.685646288,0.041,0.016,257.57,17.69,5.85,0.383,450,LWC,17R,255377,3464677
ARS,LR29,-83.78459223,31.41220486,2,1,"Little River, GA (ARS)",0.59,3.242,0,19.9,0.427085427,0.034,0.013,237.1,14.12,1.19,0.136,450,LWC,17R,235268,3478640
ARS,LR30,-83.3383612,31.28552247,2,1,"Little River, GA (ARS)",0.775,3.774,2,31.7,0.647929293,0.024,0.007,0,24.95,5.32,0.102,450,LWC,17R,277405,3463605
ARS,LR31,-83.7447426,31.50591659,2,1,"Little River, GA (ARS)",0.645,8.565,0,30.4,0.363256579,0.013,0.012,295.63,15.19,0.53,0.162,450,LWC,17R,239318,3488936
ARS,LR32,-83.66992926,31.04546574,2,1,"Little River, GA (ARS)",0.769,4.325,0.4,35.8,0.646824859,0.018,0.012,264.37,28.8,5.13,0.091,450,LWC,17R,245189,3437703
ARS,LR33,-83.34885663,31.47159317,2,1,"Little River, GA (ARS)",0.517,5.97,0.2,33.9,0.339848665,0.021,0.018,251.31,31.87,0,0.064,450,LWC,17R,276846,3484257
ARS,LW01,-97.9,34.96,6,1,"Little Washita, OK (ARS)",0.788,4.884,2.5,36,0.642208955,0.017,0.015,263.76,27.79,8.07,0.312,300,IAQ,14S,600427,3869159
ARS,LW02,-98.06,34.97,6,1,"Little Washita, OK (ARS)",0.834,2.608,2.5,24,0.712697674,0.023,0.01,242.65,18.95,2.54,0.267,300,IAQ,14S,585809,3870119
ARS,LW03,-98.23,34.95,4,1,"Little Washita, OK (ARS)",0.799,5.911,2.5,37,0.627666667,0.004,0.019,266.87,33.08,8.86,0.135,300,IAQ,14S,570307,3867768
ARS,LW04,-98.18,34.94,1,1,"Little Washita, OK (ARS)",0.835,0.89,2.5,8,0.673181818,0.057,0.004,87.18,6.52,2.48,0.273,300,IAQ,14S,574881,3866696
ARS,LW05,-98.13,34.95,1,1,"Little Washita, OK (ARS)",0.769,2.432,2.5,17,0.601275862,0.027,0.016,277.49,14.69,2.79,0.235,300,IAQ,14S,579438,3867843
ARS,LW06,-98.08,34.93,6,1,"Little Washita, OK (ARS)",0.794,4.57,2.5,23,0.571073171,0.04,0.029,253.2,13.87,3.34,0.4,300,IAQ,14S,584024,3865666
ARS,LW07,-98.02,34.93,6,1,"Little Washita, OK (ARS)",0.886,3.495,2.5,34,0.775047619,0.023,0.022,233.35,28.8,5.82,0.181,300,IAQ,14S,589504,3865718
ARS,LW08,-97.97,34.93,6,1,"Little Washita, OK (ARS)",0.701,6.667,3,32,0.471103448,0.021,0.011,264.5,29.56,8.75,0.171,300,IAQ,14S,594070,3865764
ARS,LW09,-97.91,34.86,3,1,"Little Washita, OK (ARS)",0.878,3.541,2.5,27,0.733469388,0.025,0.022,260.72,19.04,7.06,0.262,300,IAQ,14S,599635,3858059
ARS,LW10,-98.02,34.89,6,1,"Little Washita, OK (ARS)",0.857,3.574,2.5,31,0.731596491,0.023,0.007,267.89,26.61,6.8,0.247,300,IAQ,14S,589547,3861282
ARS,LW11,-98.13,34.9,4,1,"Little Washita, OK (ARS)",0.758,4.37,2.5,33,0.614721311,0.02,0.017,238.4,24.54,5.53,0.218,300,IAQ,14S,579486,3862298
ARS,LW12,-98.18,34.89,4,1,"Little Washita, OK (ARS)",0.856,6.045,2.5,34,0.664095238,0.027,0.026,258.29,29.25,6.37,0.172,300,IAQ,14S,574927,3861151
ARS,LW13,-98.25,34.91,4,1,"Little Washita, OK (ARS)",0.888,3.687,2.5,31,0.758631579,0.02,0.02,271.53,23.74,4.07,0.223,300,IAQ,14S,568514,3863319
ARS,LW14,-98.25,34.86,6,1,"Little Washita, OK (ARS)",0.667,3.346,6,31,0.53316,0.018,0.027,268.45,25.87,11.82,0.211,300,IAQ,14S,568555,3857774
ARS,LW15,-98.2,34.86,6,1,"Little Washita, OK (ARS)",0.783,4.786,3,33,0.623466667,0.03,0.024,63.28,27.1,5.29,0.51,300,IAQ,14S,573126,3857809
ARS,LW16,-98.14,34.86,6,1,"Little Washita, OK (ARS)",0.726,4.647,2.5,37,0.591304348,0.017,0.009,261.35,31.92,5.6,0.169,300,IAQ,14S,578610,3857855
ARS,LW17,-97.96,34.84,3,1,"Little Washita, OK (ARS)",0.74,1.96,2.5,20,0.628,0.043,0.014,238.37,15.92,2.82,0.158,300,IAQ,14S,595087,3855792
ARS,LW18,-97.99,34.8,3,1,"Little Washita, OK (ARS)",0.868,4.241,2.5,24,0.670744186,0.017,0.012,243.09,17.73,4.65,0.231,300,IAQ,14S,592389,3851328
ARS,LW19,-98.13,34.8,3,1,"Little Washita, OK (ARS)",0.445,3.691,9,29,0.26045,0.022,0.022,42.55,21.24,12.39,0.283,300,IAQ,14S,579582,3851209
ARS,LW20,-98.07,34.85,3,1,"Little Washita, OK (ARS)",0.753,2.004,2.5,14,0.57873913,0.043,0.018,271.04,11.13,2.72,0.305,300,IAQ,14S,585019,3856803
ARS,RC01,-116.827,43.29498,6,0,"Reynolds Creek, ID (ARS)",0.643,1.954,2.5,19.8,0.530052023,0.023,0.023,184.76,14.1,2.49,0.478,450,XTM,11T,514033,4793587
ARS,RC02,-116.849,43.26504,6,2,"Reynolds Creek, ID (ARS)",0.735,3.855,2.5,28.7,0.587862595,0.008,0.036,202.67,22.47,3.62,0.268,450,XTM,11T,512254,4790258
ARS,RC03,-116.7061,43.24529,3,2,"Reynolds Creek, ID (ARS)",0.805,3.233,2.5,26.1,0.668008475,0.008,0.006,210.52,25.84,3.86,0.117,450,XTM,11T,523859,4788096
ARS,RC04,-116.7366,43.22678,3,2,"Reynolds Creek, ID (ARS)",0.715,2.958,2.5,19.7,0.543023256,0.01,0.007,274.43,13.68,2.18,0.338,450,XTM,11T,521390,4786032
ARS,RC05,-116.7493,43.20327,6,1,"Reynolds Creek, ID (ARS)",0.096,2.97,2.5,10.7,-0.266195122,0.034,0.026,137.23,12.24,2.75,0.055,450,XTM,11T,520366,4783418
ARS,RC06,-116.791,43.17848,3,3,"Reynolds Creek, ID (ARS)",0.669,1.807,2.5,10.6,0.44591358,0.049,0.049,163.63,9.6,1.85,0.099,450,XTM,11T,516985,4780656
ARS,RC07,-116.7127,43.16703,6,0,"Reynolds Creek, ID (ARS)",0.839,2.811,2.5,34.5,0.75115625,0.046,0.034,116.88,31.36,4.13,0.174,450,XTM,11T,523353,4779403
ARS,RC08,-116.7663,43.13959,6,0,"Reynolds Creek, ID (ARS)",0.807,1.851,2.5,26.8,0.73082716,0.016,0.015,180.8,24.56,3.1,0.099,450,XTM,11T,519005,4776342
ARS,RC09,-116.797,43.1286,4,1,"Reynolds Creek, ID (ARS)",-0.613,7.657,2.5,16,-1.180185185,0.036,0.031,157.75,13.48,1.9,0.1,450,XTM,11T,516511,4775115
ARS,RC10,-116.734,43.14,6,3,"Reynolds Creek, ID (ARS)",0.814,1.699,2.5,19.4,0.713467456,0.049,0.04,128.98,12.4,2.31,0.169,450,XTM,11T,521631,4776396
ARS,RC11,-116.719,43.1179,6,3,"Reynolds Creek, ID (ARS)",0.812,5.485,15.2,48.7,0.648268657,0.014,0.04,180.49,35.74,17.14,0.313,450,XTM,11T,522860,4773945
ARS,RC12,-116.8051,43.10029,4,3,"Reynolds Creek, ID (ARS)",0.76,15.732,2.5,40.1,0.341595745,0.015,0.013,186.97,31.35,2.25,0.174,450,XTM,11T,515860,4771970
ARS,RC13,-116.7378,43.10343,6,2,"Reynolds Creek, ID (ARS)",0.926,0.586,2.5,19.1,0.890698795,0.023,0.031,162.86,15.24,1.84,0.074,450,XTM,11T,521335,4772333
ARS,RC14,-116.8012,43.08441,4,3,"Reynolds Creek, ID (ARS)",0.666,5.3,2.5,28.5,0.462153846,0.01,0.046,208.73,18.6,2.17,0.081,450,XTM,11T,516181,4770207
ARS,RC15,-116.7802,43.08557,4,0,"Reynolds Creek, ID (ARS)",0.888,2.177,2.5,40.7,0.831010471,0.039,0.039,129.79,37.83,12.15,0.1,450,XTM,11T,517890,4770340
ARS,RC16,-116.8275,43.07752,4,2,"Reynolds Creek, ID (ARS)",0.861,14.229,2.5,40.1,0.482569149,0.03,0.039,158.54,19.14,5.85,0.22,450,XTM,11T,514042,4769437
ARS,RC17,-116.7345,43.07987,3,3,"Reynolds Creek, ID (ARS)",0.579,6.994,2.5,34.7,0.361795031,0.036,0.031,158.25,51.73,1.38,0.053,450,XTM,11T,521612,4769718
ARS,RC18,-116.7946,43.0625,6,2,"Reynolds Creek, ID (ARS)",0.774,7.174,2.5,22.8,0.420600985,0.016,0.032,216.12,13.92,1.68,0.184,450,XTM,11T,516724,4767775
ARS,RC19,-116.759,43.06561,6,3,"Reynolds Creek, ID (ARS)",0.813,2.26,2.5,17.4,0.661322148,0.023,0.028,176.24,16.21,3.3,0.094,450,XTM,11T,519622,4768128
ARS,RC20,-116.7255,43.11817,6,2,"Reynolds Creek, ID (ARS)",0.533,0.682,2.5,7.9,0.406703704,0.027,0.045,184.01,33.74,2.23,0.01,450,XTM,11T,522331,4773974
ARS,SF01,-93.58906,42.54262,6,1,"South Forks, IA (ARS)",0.675,10.462,7.9,74.4,0.517676692,0.049,0.02,155.45,57.72,19.36,0.35,250,ITC,15T,451632,4710193
ARS,SF03,-93.56797,42.45296,6,1,"South Forks, IA (ARS)",0.551,6.186,10,47.9,0.387781003,0.005,0.023,229.91,43.42,15.44,0.367,250,ITC,15T,453297,4700226
ARS,SF05,-93.52158,42.42857,6,1,"South Forks, IA (ARS)",0.606,8.245,15,52,0.383162162,0.048,0.004,153.31,42.26,14.17,0.262,250,ITC,15T,457094,4697493
ARS,SF07,-93.47271,42.51501,6,1,"South Forks, IA (ARS)",0.613,3.942,15.6,41.7,0.461965517,0.013,0.023,207.01,33.78,17.07,0.417,250,ITC,15T,461168,4707068
ARS,SF09,-93.44405,42.44556,6,1,"South Forks, IA (ARS)",0.522,6.32,16.5,52.5,0.346444444,0.016,0.015,235.16,48.52,19.53,0.224,250,ITC,15T,463482,4699343
ARS,SF11,-93.36596,42.42975,6,1,"South Forks, IA (ARS)",0.811,5.116,11.4,50.9,0.681481013,0.013,0.03,227.3,48.4,15.98,0.213,200,ITC,15T,469896,4697557
ARS,SF13,-93.30971,42.40318,6,1,"South Forks, IA (ARS)",0.709,4.769,10.7,36.5,0.524155039,0.02,0.02,269.35,30.62,14.55,0.255,200,ITC,15T,474513,4694588
ARS,SF15,-93.22077,42.42034,6,1,"South Forks, IA (ARS)",0.805,6.957,6.4,55,0.661851852,0.034,0.03,201.24,49.62,13.95,0.37,200,ITC,15T,481837,4696471
ARS,SF17,-93.444281,42.398868,6,1,"South Forks, IA (ARS)",0.702,3.914,14.2,34.3,0.507273632,0.009,0.021,228.89,33.11,13.3,0.216,250,ITC,15T,463436,4694159
ARS,SF19,-93.341192,42.637269,6,1,"South Forks, IA (ARS)",0.718,3.469,14.2,37.9,0.571628692,0.024,0.025,200.54,32.02,18.04,0.185,250,ITC,15T,472026,4720591
ARS,SJ01,-84.991245,41.472267,8,1,"St. Joseph's, IN (ARS)",0.802,4.314,2.5,47.5,0.706133333,0.011,0.016,257.85,39.62,18.32,0.221,450,LPC,16T,667732,4593132
ARS,SJ02,-84.99122,41.471915,-1,1,"St. Joseph's, IN (ARS)",0.63,4.838,11.1,44.2,0.483836858,0.023,0.039,245.38,35.04,17.73,0.123,450,LPC,16T,667735,4593093
ARS,SJ03,-84.97496,41.460604,-1,1,"St. Joseph's, IN (ARS)",0.565,5.339,11.4,40,0.378321678,0.044,0.043,173.73,25.81,14.07,0.471,250,LPC,16T,669122,4591869
ARS,SJ05,-84.958624,41.456633,3,1,"St. Joseph's, IN (ARS)",0.854,7.222,11.8,40.5,0.602362369,0.011,0.021,220.44,35.28,16.88,0.27,450,LPC,16T,670497,4591460
ARS,SJ06,-84.925142,41.493788,3,1,"St. Joseph's, IN (ARS)",0.861,4.748,2.5,39.3,0.731978261,0.023,0.02,239.63,40.64,15.49,0.103,450,LPC,16T,673194,4595652
ARS,SJ07,-85.004893,41.416158,3,1,"St. Joseph's, IN (ARS)",0.809,3.554,12.5,40.3,0.681158273,0.023,0.023,261.66,34.83,16.45,0.815,450,LPC,16T,666736,4586877
ARS,SJ08,-85.004204,41.395472,3,1,"St. Joseph's, IN (ARS)",0.364,6.037,2.5,28.2,0.129097276,0.03,0.016,274.9,27.46,7.05,0.157,450,LPC,16T,666846,4584581
ARS,SJ09,-84.944142,41.435623,-1,1,"St. Joseph's, IN (ARS)",0.383,12.525,6.3,45,0.059356589,0.033,0.033,157.58,22.08,8.68,0.634,250,LPC,16T,671762,4589156
ARS,SJ10,-84.94862,41.440674,-1,1,"St. Joseph's, IN (ARS)",0.417,8.633,13.6,33,-0.028,0.033,0.029,36.44,22.83,0,0.615,250,LPC,16T,671374,4589708
ARS,SJ11,-85.075553,41.43867,8,1,"St. Joseph's, IN (ARS)",0.78,4.541,2.5,35.2,0.641131498,0.036,0.023,259.73,24.05,2.48,0.316,450,LPC,16T,660774,4589242
ARS,SJ12,-85.071359,41.432711,8,1,"St. Joseph's, IN (ARS)",0.809,3.923,5.8,33,0.664772059,0.017,0.016,244.36,28.19,7.55,0.165,450,LPC,16T,661140,4588588
ARS,SJ13,-85.144806,41.439046,6,1,"St. Joseph's, IN (ARS)",0.926,6.278,10.7,44.9,0.742432749,0.029,0.028,302.27,33.64,7.85,0.323,450,LPC,16T,654988,4589158
ARS,SJ15,-85.091779,41.451048,3,1,"St. Joseph's, IN (ARS)",-1,-1,-1,40.1,-0.9756691,0.016,0.022,251.39,32.72,15.91,0.399,450,LPC,16T,659388,4590587
ARS,WG01,-110.14294,31.72044,6,2,"Walnut Gulch, AZ (ARS)",0.809,3,2.5,30.8,0.703,0.027,0.027,283.6,15.75,3.42,0.488,450,IACJ,12R,581199,3509768
ARS,WG02,-110.0911,31.7238,6,2,"Walnut Gulch, AZ (ARS)",0.845,3.5,2.5,42.7,0.758,0.013,0.005,331.2,31.92,5.83,0.134,500,IACJ,12R,586108,3510180
ARS,WG03,-110.09869,31.69683,6,2,"Walnut Gulch, AZ (ARS)",0.883,1.5,2.5,20.6,0.8,0.022,0.015,252.3,15.41,2.49,0.259,450,IACJ,12R,585414,3507185
ARS,WG04,-110.08492,31.70487,6,2,"Walnut Gulch, AZ (ARS)",0.848,2.4,2.5,30.1,0.761,0.016,0.013,263.3,20.65,2.28,0.23,500,IACJ,12R,586711,3508087
ARS,WG05,-110.07712,31.6761,6,1,"Walnut Gulch, AZ (ARS)",0.891,4.1,2.5,41.9,0.787,0.026,0.014,252.1,23.33,3.53,0.214,450,IACJ,12R,587477,3504904
ARS,WG06,-110.0434,31.72201,6,2,"Walnut Gulch, AZ (ARS)",0.863,1.3,2.5,22.8,0.799,0.039,0.004,269.4,12.46,2.5,0.294,500,IACJ,12R,590629,3510021
ARS,WG07,-110.0403,31.69886,6,2,"Walnut Gulch, AZ (ARS)",0.901,1.3,2.5,21.1,0.831,0.041,0.008,276,18.85,2.79,0.149,450,IACJ,12R,590945,3507457
ARS,WG08,-110.01556,31.68613,6,2,"Walnut Gulch, AZ (ARS)",0.879,0.9,2.5,22.1,0.833,0.045,0,226.2,18.48,2.77,0.116,450,IACJ,12R,593303,3506067
ARS,WG09,-110.01431,31.72429,6,1,"Walnut Gulch, AZ (ARS)",0.869,1.3,2.5,13.9,0.755,0.032,0.031,257,12.74,2.56,0.377,450,IACJ,12R,593383,3510298
ARS,WG10,-109.99436,31.70931,12,1,"Walnut Gulch, AZ (ARS)",0.839,4.2,2.5,36.1,0.714,0.025,0.005,278.3,18.58,2,0.204,450,IACJ,12R,595288,3508655
ARS,WG11,-109.98571,31.72842,6,2,"Walnut Gulch, AZ (ARS)",0.873,1.9,2.5,18.9,0.757,0.026,0.022,280.4,16.32,2.78,0.315,450,IACJ,12R,596088,3510781
ARS,WG12,-109.9026,31.76997,6,2,"Walnut Gulch, AZ (ARS)",0.817,2.6,2.5,35,0.737,0.029,0.01,251.4,14.89,2.87,0.497,450,IACJ,12R,603916,3515463
ARS,WG13,-109.89881,31.75861,6,2,"Walnut Gulch, AZ (ARS)",0.634,1.6,2.5,26.4,0.567,0.046,0.01,17.5,13.94,2.63,0.135,450,IACJ,12R,604287,3514207
ARS,WG14,-110.12815,31.71956,6,3,"Walnut Gulch, AZ (ARS)",0.767,4,2.5,33.8,0.639,0.022,0.016,232.4,25.02,4.62,0.304,450,IACJ,12R,582601,3509682
ARS,WG15,-109.94271,31.73618,6,2,"Walnut Gulch, AZ (ARS)",0.44,2,2.5,12.3,0.236,0.018,0.018,261.6,8.66,2.54,0.334,500,IACJ,12R,600154,3511679
ARS,WG16,-110.05292,31.74377,6,2,"Walnut Gulch, AZ (ARS)",0.58,1.9,2.5,19.6,0.469,0.055,0,170.2,8.99,2.29,0.285,500,IACJ,12R,589706,3512425
ARS,WG17,-109.98308,31.75682,6,2,"Walnut Gulch, AZ (ARS)",0.639,6.3,2.5,47.2,0.498,0.024,0.014,310.5,20.63,4.69,0.166,500,IACJ,12R,596308,3513931
ARS,WG18,-110.13545,31.7386,6,2,"Walnut Gulch, AZ (ARS)",0.866,1.2,2.5,16.3,0.779,0.025,0,326.5,8.67,2.36,0.375,450,IACJ,12R,581893,3511787
ARS,WG19,-110.01608,31.67398,6,2,"Walnut Gulch, AZ (ARS)",0.88,1.4,2.5,21.2,0.805,0.034,0.02,269.2,13.83,1.89,0.301,450,IACJ,12R,593265,3504720
ARS,WG22,-110.862202,31.856525,6,1,"Walnut Gulch, AZ (ARS)",0.8,2.3,2.5,21,0.675675676,0.021,0.02,220.66,15.15,4.6,0.864,450,IACJ,12R,513035,3524541
ARS,WG23,-110.8631664,31.8548026,6,1,"Walnut Gulch, AZ (ARS)",0.723,2.724,2.5,18,0.547258065,0.028,0.017,181.9,13.98,4.41,0.336,450,IACJ,12R,512944,3524349
ARS,WG24,-110.9129224,31.85342092,6,1,"Walnut Gulch, AZ (ARS)",0.677,1.108,2.5,11,0.546647059,0.035,0.017,159.35,7.26,2.67,0.447,450,IACJ,12R,508238,3524191
ARS,WG25,-110.9041833,31.8510238,6,1,"Walnut Gulch, AZ (ARS)",0.783,3.268,2.5,22,0.615410256,0.018,0.014,264.66,17.22,6.72,0.397,450,IACJ,12R,509065,3523926
ARS,WG26,-110.8515918,31.8151738,6,1,"Walnut Gulch, AZ (ARS)",0.718,1.36,2.5,13,0.58847619,0.043,0.021,203.45,9.87,3.04,0.581,450,IACJ,12R,514046,3519958
ARS,WG27,-110.8544257,31.8137426,6,1,"Walnut Gulch, AZ (ARS)",0.654,2.205,2.5,16,0.490666667,0.049,0.026,141.81,11.61,3.26,0.517,450,IACJ,12R,513778,3519799
ARS,WG28,-110.852403,31.81666345,6,1,"Walnut Gulch, AZ (ARS)",0.687,2.965,2.5,19,0.50730303,0.048,0.024,133.05,12.38,4.09,0.73,450,IACJ,12R,513969,3520123
ARS,WG29,-110.2805174,31.5068764,6,1,"Walnut Gulch, AZ (ARS)",0.842,2.437,2.5,19,0.69430303,0.045,0.028,254.09,14.37,5.63,0.941,450,IACJ,12R,568320,3486002
ARS,WG30,-110.2793282,31.50539914,6,1,"Walnut Gulch, AZ (ARS)",0.833,2.212,2.5,21,0.713432432,0.043,0.038,362.71,21.36,4.76,0.161,450,IACJ,12R,568435,3485839
ARS,WG31,-110.275402,31.50520554,6,1,"Walnut Gulch, AZ (ARS)",0.58,6.178,3,23,0.2711,0.047,0.029,46.86,17.27,9.95,0.408,450,IACJ,12R,568807,3485820
ARS,WG32,-110.277171,31.5051975,6,1,"Walnut Gulch, AZ (ARS)",0.605,3.407,2.5,24,0.446534884,0.05,0.024,11.76,19.09,3.63,0.253,450,IACJ,12R,568640,3485818
ARS,WG33,-110.2480811,31.69470896,6,1,"Walnut Gulch, AZ (ARS)",0.844,2.885,2.5,25,0.715777778,0.016,0.016,282.88,18.78,4.96,0.236,450,IACJ,12R,571258,3506842
ARS,WG34,-110.2274498,31.3469273,6,1,"Walnut Gulch, AZ (ARS)",0.749,2.652,2.5,18,0.577903226,0.027,0.021,309.92,13.74,2.2,0.415,450,IACJ,12R,573484,3468308
ARS,WG35,-109.928726,31.39135179,6,1,"Walnut Gulch, AZ (ARS)",0.882,3.09,2.5,25,0.744666667,0.036,0.008,158.9,21.54,6.37,0.253,450,IACJ,12R,601853,3473470
ARS,WG36,-110.2639881,31.9245136,6,1,"Walnut Gulch, AZ (ARS)",0.777,1.748,3,20,0.674176471,0.02,0.029,256.76,16.68,4.64,0.332,450,IACJ,12R,569578,3532304
ARS,WG37,-110.0483274,31.89982345,6,1,"Walnut Gulch, AZ (ARS)",0.714,1.196,2.5,14,0.61,0.064,0.053,152.34,15.3,1.95,0.193,450,IACJ,12R,589990,3529726
ARS,WG38,-109.8827147,31.7719061,6,1,"Walnut Gulch, AZ (ARS)",0.866,3.145,2.5,20,0.686285714,0.041,0.039,287.9,14.82,2.01,0.327,450,IACJ,12R,605796,3515696
ARS,WG39,-110.0712868,31.59826472,6,1,"Walnut Gulch, AZ (ARS)",0.823,4.443,8,43,0.696057143,0.049,0.047,364.31,34.54,12.46,0.375,450,IACJ,12R,588104,3496281
ARS,WG40,-109.9597171,31.48120389,6,1,"Walnut Gulch, AZ (ARS)",0.825,4.597,2.5,20,0.562314286,0.048,0.035,257.47,14.36,7.25,0.378,450,IACJ,12R,598812,3483401
ARS,WG41,-109.9443789,31.84966459,6,1,"Walnut Gulch, AZ (ARS)",0.545,4.73,4,28,0.347916667,0.032,0.024,248.1,29.44,7.47,0.215,450,IACJ,12R,599873,3524257
ARS,WG42,-110.3523846,31.8389549,6,1,"Walnut Gulch, AZ (ARS)",0.208,3.139,2.5,20,0.028628571,0.007,0.037,256.77,15.38,1.75,0.252,450,IACJ,12R,561277,3522767
ARS,WG43,-110.4044629,31.54189731,6,1,"Walnut Gulch, AZ (ARS)",0.856,1.6,2.5,18,0.752774194,0.053,0.021,115.72,13.67,2.85,0.429,450,IACJ,12R,556530,3489813
ARS,WG45,-110.1090779,31.39477145,6,1,"Walnut Gulch, AZ (ARS)",0.81,2.694,2.5,25,0.690266667,0.018,0.034,287.63,18.15,4.63,0.43,450,IACJ,12R,584701,3473696
ARS,WG46,-110.2003863,31.58390918,6,1,"Walnut Gulch, AZ (ARS)",0.868,1.634,2.5,15,0.73728,0.01,0.02,251.27,12.06,3.67,0.304,450,IACJ,12R,575867,3494593
ARS,WG47,-110.2790829,31.3435196,6,1,"Walnut Gulch, AZ (ARS)",0.737,3.348,2.5,22,0.565307692,0.017,0.017,293.09,15.09,2.94,0.611,450,IACJ,12R,568576,3467897
ARS,WG48,-110.2843477,31.504489,6,1,"Walnut Gulch, AZ (ARS)",0.546,2.916,2.5,18,0.357870968,0.037,0.026,333.2,14.52,2.98,0.297,450,IACJ,12R,567958,3485735
ARS,WG49,-110.488375,34.58958238,6,1,"Walnut Gulch, AZ (ARS)",0.829,2.908,5,34,0.728724138,0.027,0.027,225.3,36.62,8.03,0.256,450,IACJ,12S,546918,3827649
ARS,WG50,-110.5274877,31.5858354,6,1,"Walnut Gulch, AZ (ARS)",0.783,3.307,2.5,29,0.658207547,0.018,0.029,267.18,24.82,4.69,0.343,450,IACJ,12R,544830,3494626
ARS,WG51,-110.4948552,31.5997572,6,1,"Walnut Gulch, AZ (ARS)",0.834,1.752,2.5,20,0.733885714,0.032,0.011,290.93,18.51,1.91,0.29,450,IACJ,12R,547920,3496183
ARS,WG52,-110.2802927,31.50183178,6,1,"Walnut Gulch, AZ (ARS)",0.815,3.228,2.5,22,0.649461538,0.026,0.018,322.17,18.05,5.3,0.368,450,IACJ,12R,568346,3485443
ARS,WG54,-110.2906992,31.5237777,6,1,"Walnut Gulch, AZ (ARS)",0.888,0.914,2.5,11,0.780470588,0.019,0.018,290.52,10.14,2.42,0.21,450,IACJ,12R,567342,3487869
ARS ,SF02,-93.56545,42.4693,6,1,"South Forks, IA (ARS)",0.219,8.913,12.9,54.6,0.005258993,0.042,0.038,167.5,45.3,17.91,0.146,250,ITC,15T,453516,4702039
ARS ,SF04,-93.52527,42.54459,6,1,"South Forks, IA (ARS)",0.478,7.347,10.2,48.7,0.287168831,0.049,0.029,132.4,54.38,13.98,0.094,250,ITC,15T,456871,4710377
ARS ,SF06,-93.50013,42.3896,6,1,"South Forks, IA (ARS)",-0.084,10.414,11.8,47.8,-0.373277778,0.049,0.046,120.45,39.32,17.07,0.258,250,ITC,15T,458833,4693155
ARS ,SF08,-93.44149,42.48463,6,1,"South Forks, IA (ARS)",0.527,5.607,8.8,35.1,0.313806084,0.043,0.041,199.32,30.11,12.58,0.401,250,ITC,15T,463715,4703680
ARS ,SF10,-93.40293,42.37937,6,1,"South Forks, IA (ARS)",0.502,7.766,2.5,46.7,0.326298643,0.031,0.044,224.15,38.53,8.84,0.351,200,ITC,15T,466829,4691977
ARS ,SF12,-93.33422,42.3414,6,1,"South Forks, IA (ARS)",0.521,8.11,10.7,49,0.309250653,0.023,0.038,207.61,49.2,15.52,0.226,200,ITC,15T,472469,4687736
ARS ,SF14,-93.25486,42.32831,6,1,"South Forks, IA (ARS)",0.496,5.284,11.8,38.4,0.297353383,0.045,0.045,189.69,32.08,16.78,0.466,200,ITC,15T,479001,4686260
ARS ,SF16,-93.483616,42.30485,6,1,"South Forks, IA (ARS)",0.707,3.796,14.9,38.6,0.546831224,0.02,0.021,208.72,35.01,17.03,0.315,200,ITC,15T,460139,4683737
ARS ,SF18,-93.520643,42.297846,6,1,"South Forks, IA (ARS)",0.446,6.308,13.5,40,0.207962264,0.025,0.04,194.44,36.15,15.19,0.348,200,ITC,15T,457083,4682977
ARS ,SF20,-93.232442,42.45126,6,1,"South Forks, IA (ARS)",0.759,4.28,13.5,40.7,0.601647059,0.046,0.046,189.44,36.46,16.18,0.636,200,ITC,15T,480886,4699907
CRN,1001,-105.1,48.31,6,1,1001MT Wolf Point 29 ENE.txt,0.888,2.936,9.5,41.6,0.796535826,0.014,0.004,156.84,40.36,15.84,1.162,400,XACJ,13U,492585,5350761
CRN,1002,-105.1,48.31,6,1,1002MT Wolf Point 34 NE.txt,0.94,2.283,8.1,37,0.86100346,0.014,0.023,232.96,31.6,11.03,2.928,500,XACJ,13U,492585,5350761
CRN,1003,-96.57,40.85,8,1,1003NE Lincoln 11 SW.txt,0.872,3.91,8.8,46.4,0.768010638,0.02,0.013,232.26,45.09,12.83,1.11,300,ISQJ,14T,704838,4524947
CRN,1004,-96.57,40.85,8,1,1004NE Lincoln 8 ENE.txt,0.826,3.892,10.3,48.5,0.724115183,0.014,0.014,288.83,42.17,16.39,1.427,350,ISQJ,14T,704838,4524947
CRN,1005,-97.09,36.12,4,1,1005OK Stillwater 2 W.txt,0.879,3.775,8,48.2,0.785094527,0.025,0.015,283.71,42.66,11.19,1.586,350,IAQ,14S,671892,3998947
CRN,1006,-97.09,36.12,4,1,1006OK Stillwater 5 WNW.txt,0.877,4.62,3.3,48.5,0.774787611,0.018,0.012,277.48,47.82,6.84,0.878,350,IAQ,14S,671892,3998947
CRN,1009,-96.62,43.73,4,1,1009SD Sioux Falls 14 NNE.txt,0.882,6.439,12.1,53.2,0.725333333,0.014,0.014,222.58,60.71,19.06,1.032,300,XACJ,14T,691680,4844638
CRN,1010,-110.51,31.59,6,1,1010AZ Elgin 5 S.txt,0.951,1.608,1.7,25.2,0.882574468,0.018,0.018,286.41,25.64,3.59,1.146,450,IACJ,12R,546488,3495095
CRN,1011,-111.17,32.24,3,1,1011AZ Tucson 11 W.txt,0.928,1.516,0,13.5,0.815703704,0.019,0.014,232.61,12.62,2.03,3.581,450,IACJ,12S,483984,3567051
CRN,1012,-92.12,32.88,3,1,1012LA Monroe 26 N.txt,0.948,2.895,4.1,36.2,0.857813084,0.012,0.011,217.17,38.35,6,0.814,500,LWC,15S,582318,3638327
CRN,1013,-91.87,30.09,4,1,1013LA Lafayette 13 SE.txt,0.913,3.731,8.8,45,0.809933702,0.02,0.007,309.45,39.32,10.61,1.448,500,LWC,15R,608890,3329296
CRN,1014,-104.76,40.81,9,1,1014CO Nunn 7 NNE.txt,0.83,2.373,0.3,14.2,0.659280576,0.002,0.013,303.85,13.13,2.14,2.085,250,IAQ,13T,520242,4517693
CRN,1015,-122.61,40.65,6,1,1015CA Redding 12 WNW.txt,0.592,1.824,2,26.2,0.516628099,0.019,0.019,68.12,26.72,3.73,1.151,450,XHD,10T,532972,4499978
CRN,1017,-121.45,48.54,2,1,1017WA Darrington 21 NNE.txt,0.875,4.975,3.3,36.7,0.726047904,0.016,0.013,134.82,34.5,3.79,0.944,500,XVM,10U,614409,5377481
CRN,1018,-95.72,31.78,1,1,1018TX Palestine 6 WNW.txt,0.904,3.287,0,34.7,0.809273775,0.027,0.009,11.97,41.15,1.09,0.608,450,ISQJ,15R,242426,3519272
CRN,1019,-102.81,31.62,1,1,1019TX Monahans 6 ENE.txt,0.525,2.028,0,8.1,0.27462963,0.05,0.024,215.55,5.69,0.47,3.673,300,IAF,13R,707728,3500398
CRN,1020,-107.19,33.98,3,1,1020NM Socorro 20 N.txt,0.847,2.699,0.7,18.3,0.693647727,0.007,0.014,255.13,39.32,4.51,0.647,350,XACJ,13S,297692,3762099
CRN,1021,-113.56,43.46,16,1,1021ID Arco 17 SW.txt,0.736,2.879,0,17.6,0.572420455,0.004,0.015,223.03,20.98,0,1.61,500,IHM,12T,292898,4815082
CRN,1022,-116.75,43.2,4,1,1022ID Murphy 10 W.txt,0.817,3.044,5.4,31.5,0.700371648,0.008,0.017,215.55,36.51,7.88,1.554,450,XTM,11T,520310,4783055
CRN,1023,-119.69,43.47,9,1,1023OR Riley 10 WSW.txt,0.82,2.662,1,26.5,0.715607843,0.013,0.013,190.59,23.91,2.92,2.75,450,XACJ,11T,282416,4816524
CRN,1024,-79.47,39.01,4,1,1024WV Elkins 21 ENE.txt,0.444,8.182,12.6,45,0.191469136,0.006,0.03,246.56,46.28,13.51,0.73,500,LJ,17S,632470,4318999
CRN,1025,-103.74,42.42,6,1,1025NE Harrison 20 SSE.txt,0.72,4.249,0,26.7,0.560861423,0.01,0.008,60.29,24.65,1.98,1.363,250,XACJ,13T,603661,4697179
CRN,1026,-82.61,35.49,6,1,1026NC Asheville 8 SSW.txt,0.559,7.276,6.1,44.2,0.368028871,0.025,0.013,152.51,39.06,10.73,1.078,450,LJ,17S,353959,3928575
CRN,1027,-82.61,35.49,6,1,1027NC Asheville 13 S.txt,0.786,5.694,7.5,38.7,0.6035,0.014,0.014,209.99,46.13,9.62,0.368,450,LJ,17S,353959,3928575
CRN,1028,-84.75,38.09,4,1,1028KY Versailles 3 NNW.txt,0.727,4.55,10.1,42.6,0.587,0.012,0.012,311.36,39.58,11.93,1.385,450,LPM,16S,697314,4218191
CRN,1029,-81.33,33.36,2,1,1029SC Blackville 3 W.txt,0.799,3.952,3.4,26.5,0.627917749,0.031,0.016,301.25,20.82,5.63,2.243,450,LJ,17S,469298,3691246
CRN,1030,-79.36,33.15,1,1,1030SC McClellanville 7 NE.txt,0.847,6.467,1.3,32,0.636348534,0.021,0.029,238.06,14.27,2.72,1.358,400,LJ,17S,652950,3669113
CRN,1031,-86.23,37.25,4,1,1031KY Bowling Green 21 NNE.txt,0.79,4.943,8.9,39,0.625780731,0.016,0.01,277.31,32.74,10.92,2.009,450,LPM,16S,568287,4122884
CRN,1032,-84.47,31.31,2,1,1032GA Newton 8 W.txt,0.883,1.677,2.4,16,0.759691176,0.038,0.021,331.42,13.32,2.99,2.996,450,LWC,16R,740780,3466722
CRN,1033,-84.47,31.31,2,1,1033GA Newton 11 SW.txt,0.934,1.893,0.2,20.6,0.841205882,0.027,0.024,293.72,19.19,2.35,1.721,450,LWC,16R,740780,3466722
CRN,1034,-68.7,44.93,4,1,1034ME Old Town 2 W.txt,0.591,6.651,9.3,53.8,0.441539326,0.01,0.01,188.89,43.94,11.23,1.704,500,LJ,19T,523673,4975218
CRN,1035,-67.88,46.96,4,1,1035ME Limestone 4 NNW.txt,0.845,3.399,5.8,41.2,0.748983051,0.038,0.037,240.93,35.78,7.21,2.041,500,LJ,19T,585211,5201327
CRN,1036,-89.07,32.34,6,1,1036MS Newton 5 ENE.txt,0.925,4.381,1.5,35.9,0.797645349,0.019,0.019,272.26,32.1,1.87,1.729,450,LWC,16S,305184,3580006
CRN,1037,-88.37,40.05,4,1,1037IL Champaign 9 SW.txt,0.944,3.722,12.4,53.1,0.852550369,0.011,0.015,238.6,49.91,14.21,0.792,450,LPC,16T,383140,4434205
CRN,1038,-88.85,41.84,4,1,1038IL Shabbona 5 NNE.txt,0.886,4.388,10.3,51.1,0.77845098,0.017,0.013,256.29,47.61,13.44,1.357,400,ITC,16T,346401,4633666
CRN,1039,-95.87,48.31,13,1,1039MN Goodridge 12 NNW.txt,0.687,8.225,13.4,61.2,0.51492887,0.033,0.045,174.85,59.79,19.5,1.669,300,ISCJ,15U,287206,5354737
CRN,1040,-70.93,43.17,3,1,1040NH Durham 2 SSW.txt,0.835,3.427,2.7,27.7,0.69792,0.021,0.021,247.92,25.72,3.63,1.859,400,LJ,19T,343121,4781501
CRN,1041,-70.93,43.17,3,1,1041NH Durham 2 N.txt,0.686,5.898,4.8,32.7,0.474602151,0.014,0.013,246.64,35.94,5.92,1.167,450,LJ,19T,343121,4781501
CRN,1042,-71.54,41.49,4,1,1042RI Kingston 1 NW.txt,0.52,4.368,3.6,34.7,0.379549839,0.03,0.029,140.12,30.4,14.35,1.516,450,LWC,19T,287963,4596268
CRN,1043,-71.54,41.49,4,1,1043RI Kingston 1 W.txt,0.73,4.955,0,29.3,0.560887372,0.024,0.016,184.07,22.97,8.01,1.972,450,LWC,19T,287963,4596268
CRN,1045,-105.54,40.04,3,1,1045CO Boulder 14 W.txt,0.813,7.731,1.8,45.2,0.634866359,0.002,0.021,255.11,27.12,2.52,1.88,450,LBMS,13T,453932,4432336
CRN,1046,-113.43,48.74,6,1,1046MT St. Mary 1 SSW.txt,0.929,3.798,0.4,29.8,0.799816327,0.006,0.018,232.96,29.23,0,3.112,450,LBMH,12U,321347,5401402
CRN,1047,-96.61,39.1,8,1,1047KS Manhattan 6 SSW.txt,0.862,6.182,8,53.8,0.727021834,0.016,0.032,247.27,46.07,10.98,2.457,300,ISQJ,14S,706675,4330593
CRN,1049,-116.02,36.62,3,1,1049NV Mercury 3 SSW.txt,0.87,0.414,0.3,6.7,0.8053125,0.018,0.02,227.69,9.41,1.18,3.62,450,IAQ,11S,587629,4053166
CRN,1050,-120.88,37.24,12,1,1050CA Merced 23 WSW.txt,0.226,0.231,0,7.5,0.1952,0.03,0.027,303.9,48.75,0.29,0.629,450,XADB,10S,688046,4123602
CRN,1066,-98.06,26.53,1,1,1066TX Edinburg 17 NNE.txt,0.904,2.063,4.6,23.6,0.795421053,0.017,0.017,220.8,20.65,7.48,1.7,350,IAQ,14R,593649,2934723
CRN,1067,-102.77,33.96,6,1,1067TX Muleshoe 19 S.txt,0.936,1.909,6.2,30.9,0.858712551,0.01,0.01,295.01,32.39,10.8,1.431,250,IAQ,13S,706051,3759961
CRN,1068,-101.61,36.57,8,1,1068OK Goodwell 2 E.txt,0.911,2.9,3.3,39.5,0.830889503,0.019,0.014,273.92,41.23,5.95,1.566,350,ISQJ,14S,266447,4050343
CRN,1085,-75.93,37.29,3,1,1085VA Cape Charles 5 ENE.txt,0.525,5.791,1.4,26.4,0.29336,0.046,0.035,319.67,20.87,4.03,2.845,400,LJ,18S,417566,4127449
CRN,1105,-117.14,36.6,1,1,1105CA Stovepipe Wells 1 SW.txt,0.931,0.811,0.8,10.1,0.843795699,0.021,0.016,268.37,22.49,1.46,1.472,500,XSMB,11S,487478,4050509
CRN,1106,-114.21,39.01,3,1,1106NV Baker 5 W.txt,0.88,1.563,0,12.6,0.755952381,0.04,0.045,296.23,14.07,0.56,2.85,450,IAQ,11S,741577,4321590
CRN,1107,-110.71,43.66,3,1,1107WY Moose 1 NNE.txt,0.914,1.2,0,12.8,0.82025,0.009,0.022,256.69,14.87,0,1.402,500,LPQ,12T,523382,4834151
CRN,1108,-108.97,40.24,8,1,1108CO Dinosaur 2 E.txt,0.933,3.207,6.1,32.8,0.81288764,0.002,0.014,240.58,37.1,7.48,1.426,450,LBMS,12T,672678,4456371
CRN,1109,-107.69,38.54,6,1,1109CO Montrose 11 ENE.txt,0.914,3.417,3.5,37.3,0.812905325,0.003,0.015,224.92,34.26,4.69,1.246,450,LBMS,13S,265548,4269162
CRN,1110,-103.82,37.86,4,1,1110CO La Junta 17 WSW.txt,0.527,4.414,6.7,30.6,0.342313808,0.033,0.044,159.72,27.7,11.68,2.737,350,IAQ,13S,603799,4190937
CRN,1111,-83.39,33.78,3,1,1111GA Watkinsville 5 SSE.txt,0.956,2.703,0.3,22.7,0.835330357,0.021,0.013,271.62,18.47,2.07,1.304,450,LWC,17S,278696,3740330
CRN,1113,-86.92,46.33,3,1,1113MI Chatham 1 SE.txt,0.808,3.266,3.6,29.4,0.681410853,0.004,0.022,246.98,21.34,3.5,2.678,450,LJ,16T,506157,5130716
CRN,1114,-90.17,44.06,2,1,1114WI Necedah 5 WNW.txt,0.946,1.696,0.3,17.9,0.849636364,0.02,0.041,249.83,14.2,2.32,4.196,350,ISCJ,15T,726667,4882431
CRN,1115,-101.44,42.07,1,1,1115NE Whitman 5 ENE.txt,0.844,1.303,0.7,13.5,0.742203125,0.012,0.026,234.12,10.72,1.98,3.413,250,XACJ,14T,298140,4660429
CRN,1116,-93.29,41.56,8,1,1116IA Des Moines 17 E.txt,0.909,4.991,11.7,48,0.771506887,0.018,0.015,187.22,42.96,16.78,1.313,300,ITC,15T,475818,4600966
CRN,1117,-76.25,42.44,6,1,1117NY Ithaca 13 E.txt,0.637,6.111,8.8,46,0.472725806,0.007,0.031,243.37,38.27,6.59,1.617,450,LJ,18T,397193,4699387
CRN,1118,-73.74,41.79,4,1,1118NY Millbrook 3 W.txt,0.751,3.722,0,31.1,0.631321543,0.01,0.033,242.99,25.93,2.47,2.927,450,LJ,18T,604693,4627227
CRN,1119,-85.96,34.29,3,1,1119AL Gadsden 19 N.txt,0.906,3.406,2.8,38.9,0.81165097,0.012,0.011,266.14,31.88,3.94,1.202,450,LWC,16S,595716,3794800
CRN,1120,-81.46,30.81,1,1,1120GA Brunswick 23 S.txt,0.783,2.133,0.5,13.2,0.615047244,0.033,0.028,285.11,8.78,1.24,2.977,450,LJ,17R,455998,3408635
CRN,1121,-85.13,36.01,6,1,1121TN Crossville 7 NW.txt,0.862,7.298,6.2,51.4,0.700539823,0.009,0.009,254.35,46.97,11.87,0.623,450,LWC,16S,668526,3986674
CRN,1122,-86.98,32.33,3,1,1122AL Selma 13 WNW.txt,0.748,9.013,13.4,70.6,0.59043007,0.01,0.015,270.41,64.48,19.88,1.047,450,LWC,16S,501882,3577014
CRN,1123,-75.79,39.86,4,1,1123PA Avondale 2 N.txt,0.777,6.218,6.3,38.6,0.58449226,0.018,0.027,216.29,37.77,9.24,1.259,450,LJ,18S,432427,4412517
CRN,1124,-87.88,30.55,3,1,1124AL Fairhope 3 NE.txt,0.768,3.234,1.5,22.7,0.61545283,0.032,0.005,19.86,19.04,5.16,1.578,450,LWC,16R,415596,3380061
CRN,1125,-81.78,40.37,4,1,1125OH Coshocton 8 NNE.txt,0.816,7.912,5.9,51.6,0.642870897,0.009,0.014,247.14,63.02,6.44,0.575,450,LPM,17T,433779,4469116
CRN,1128,-81.32,25.9,3,1,1128FL Everglades City 5 NE.txt,0.89,2.741,2.2,23.1,0.758851675,0.06,0.001,259.89,18.21,4.18,3.147,350,ITF,17R,467947,2864648
CRN,1129,-91.78,35.82,4,1,1129AR Batesville 8 WNW.txt,0.9,3.628,7,40.5,0.791701493,0.009,0.027,262.03,36.67,9.65,1.112,400,LPM,15S,610207,3964670
CRN,1130,-100.25,32.04,6,1,1130TX Bronte 11 NNE.txt,0.876,1.935,1,19.7,0.772524064,0.016,0.007,164.27,18.61,2.93,1.141,400,IAQ,14S,381977,3545552
CRN,1138,-106.52,35.86,4,1,1138NM Los Alamos 13 W.txt,0.8,5.058,3.6,40.3,0.662179837,0.006,0.023,219.2,33.22,6.31,1.967,450,IAQ,13S,362759,3969487
CRN,1139,-103.38,46.89,4,1,1139ND Medora 7 E.txt,0.923,7.072,5.4,40.1,0.719195965,0,0.026,239.23,42.3,9.13,1.178,300,XACJ,13T,623412,5194214
CRN,1140,-103.3,45.52,3,1,1140SD Buffalo 13 ESE.txt,0.854,3.393,10.6,37.1,0.725962264,0.002,0.025,222.44,36.35,15.96,1.511,250,XACJ,13T,632768,5042123
CRN,1141,-80.69,28.62,1,1,1141FL Titusville 7 E.txt,0.759,2.63,1.5,46.9,0.701070485,0.025,0.02,332.14,58.74,8.16,0.241,350,ITF,17R,530303,3165925
CRN,1142,-93.15,39.87,6,1,1142MO Chillicothe 22 ENE.txt,0.897,6.958,7.2,57.7,0.759217822,0.016,0.016,204.97,56.38,12.98,1.08,350,ITC,15S,487171,4413339
CRN,1144,-108.67,42.68,6,1,1144WY Lander 11 SSE.txt,0.965,2.626,3.2,32.1,0.874134948,0.006,0.008,219.89,35.24,3.5,1.631,400,LPQ,12T,690901,4727912
CRN,1145,-119.65,44.56,9,1,1145OR John Day 35 WNW.txt,0.9,1.649,1.9,17.9,0.7969375,0.013,0.005,225.5,19.78,3.32,2.695,450,XTM,11T,289545,4937489
CRN,1231,-100.96,38.87,4,1,1231KS Oakley 19 SSW.txt,0.754,4.93,13.5,44.4,0.594453074,0.018,0.023,231.86,43.04,17.87,2.18,300,IAQ,14S,329962,4304176
CRN,1232,-108.5,37.26,3,1,1232CO Cortez 8 SE.txt,0.88,4.182,4.1,31.5,0.727372263,0.017,0.017,212.3,40.43,4.49,1.285,500,LBMS,12S,721699,4126645
CRN,1233,-123.81,47.51,4,1,1233WA Quinault 4 NE.txt,0.76,4.081,1,21.6,0.561893204,0.023,0.016,126.4,19.02,2.68,1.271,500,IVD,10T,439007,5262159
CRN,1234,-123.33,44.42,8,1,1234OR Corvallis 10 SSW.txt,0.709,5.758,10.9,50.8,0.564689223,0.035,0.025,157.95,47.12,18.77,1.83,450,XTM,10T,473729,4918575
CRN,1235,-102.17,48.97,6,1,1235ND Northgate 5 ESE.txt,0.685,4.503,4.5,34.9,0.536875,0.006,0.036,223.1,28.78,12.25,4.08,200,XACJ,13U,707106,5427980
CRN,1236,-100.35,44.02,12,1,1236SD Pierre 24 S.txt,0.93,4.87,3.1,55.8,0.837590133,0.015,0.014,299.43,44.23,9.48,3.296,300,XACJ,14T,391800,4874980
CRN,1306,-103.21,29.35,3,1,1306TX Panther Junction 2 N.txt,0.928,1.248,1.5,18.3,0.853714286,0.016,0.019,285.74,19.13,3.69,1.953,300,IAQ,13R,673770,3248094
CRN,1307,-106.74,32.61,8,1,1307NM Las Cruces 20 N.txt,0.864,2.376,2.2,19.6,0.727448276,0.011,0.01,264.05,18.98,4.79,1.333,300,IACJ,13S,336734,3609389
CRN,1346,-78.47,38,3,1,1346VA Charlottesville 2 SSE.txt,0.854,7.628,10.4,46.8,0.64443956,0.006,0.015,210.19,36.48,10.79,1.048,450,LJ,17S,722144,4208835
CRN,1347,-79.09,35.97,6,1,1347NC Durham 11 W.txt,0.727,8.249,3.3,40.2,0.503449864,0.006,0.018,219.33,29.15,4.04,1.168,450,LJ,17S,672218,3982307
CRN,1386,-98.08,30.62,9,1,1386TX Austin 33 NW.txt,0.918,4.286,6.4,54.4,0.828708333,0.023,0.011,207.96,46.2,11.1,1.873,400,ISQJ,14R,588176,3387850
CRN,1387,-96.82,28.3,1,1,1387TX Port Aransas 32 NNE.txt,0.751,1.528,0,12.7,0.630685039,0.053,0.026,306.37,16.07,2.05,0.578,450,IAQ,14R,713775,3132364
CRN,1406,-91.72,37.63,4,1,1406MO Salem 10 W.txt,0.917,3.152,5.7,43.1,0.832721925,0.011,0.019,240.69,40.44,10.26,0.84,400,LPM,15S,612945,4165534
CRN,1407,-94.58,37.43,4,1,1407MO Joplin 24 N.txt,0.678,9.943,6.9,49.5,0.444596244,0.004,0.04,267.95,39.56,12.96,2.035,350,ITC,15S,360208,4143747
CRN,1426,-84.72,44.91,1,1,1426MI Gaylord 9 SSW.txt,0.915,1.989,0.8,21.1,0.817019704,0.005,0.02,236.84,16.36,0,2.271,450,LJ,16T,679980,4975481
CRN,1446,-99.13,45.71,6,1,1446SD Aberdeen 35 WNW.txt,0.91,3.077,6.5,39.3,0.816189024,0.013,0.013,222.68,38.67,9.32,1.32,450,ISCJ,14T,489881,5061835
CRN,1447,-92.99,46.11,4,1,1447MN Sandstone 6 W.txt,0.714,5.453,5.9,33,0.512782288,0.024,0.022,278.83,29.2,14.39,2.631,250,ISCJ,15T,500772,5106269
CRN,1467,-117.53,47.42,4,1,1467WA Spokane 17 SSW.txt,0.666,8.571,0.5,37.1,0.431819672,0.041,0.029,152.2,37.73,2.2,4.585,450,ISCB,11T,460023,5251975
CRN,1468,-113.01,45.16,6,1,1468MT Dillon 18 WSW.txt,0.584,6.622,6.3,37.9,0.374443038,0.01,0.018,209.31,25.58,9.74,4.355,350,LPQ,12T,342022,5002689
CRN,1487,-104.44,44.52,6,1,1487WY Sundance 8 NNW.txt,0.88,4.522,2.2,36.1,0.74660767,0.016,0.018,262.61,34.49,4.84,1.811,400,XACJ,13T,544503,4929783
CRN,1507,-112.54,41.62,4,1,1507UT Brigham City 28 WNW.txt,0.67,3.025,4.5,26.9,0.534955357,0.006,0.012,243.59,52.65,7.64,0.559,450,LPQ,12T,371703,4608731
CRN,1508,-119.82,37.76,6,1,1508CA Yosemite Village 12 W.txt,0.901,1.749,0,17.3,0.799901734,0.019,0.007,153.45,18.87,0.33,1.022,450,XSMB,11S,251581,4182932
CRN,1510,-86.57,38.89,4,1,1510IN Bedford 5 WNW.txt,0.8,5.456,7.5,43.7,0.649281768,0.015,0.013,261.21,40.49,10.53,1.726,400,LPC,16S,537292,4304657
CRN,1528,-117.19,33.44,3,1,1528CA Fallbrook 5 NE.txt,0.689,1.65,7.7,29.9,0.614675676,0.016,0.015,233.36,33.97,11.37,1.787,450,XSC,11S,482339,3700083
CRN,1529,-119.88,34.41,3,1,1529CA Santa Barbara 11 W.txt,0.929,2.087,2.6,31.9,0.857771331,0.012,0.002,178.23,41.84,5.39,1.109,450,XADB,11S,235282,3811379
CRN,1530,-81.37,27.15,1,1,1530FL Sebring 23 SSE.txt,0.763,10.667,0,38.5,0.485935065,0.049,0.048,363.16,22.73,0,0.575,300,ITF,17R,463339,3003103
CRN,1531,-123.07,38.32,1,1,1531CA Bodega 6 WSW.txt,0.717,2.186,0.2,17.6,0.591367816,0.007,0.019,123.01,19.04,1.34,0.568,500,XTM,10S,493880,4241322
CRN,1532,-119.64,41.85,6,1,1532NV Denio 52 WSW.txt,0.494,3.558,2,25.7,0.343873418,0.035,0.035,136.37,22.69,4.29,3.239,400,XTM,11T,280840,4636492
CRN,1570,-89.43,34.82,3,1,1570MS Holly Springs 4 N.txt,0.95,4.95,7.7,50.5,0.834345794,0.003,0.018,263.63,38.99,7.94,1.1,450,LJ,16S,277750,3855774
CRN,1590,-114.19,32.84,6,1,1590AZ Yuma 27 ENE.txt,0.875,2.214,2.6,26.6,0.78275,0.002,0.014,251.75,23.76,5.86,3.463,500,IACJ,11S,763015,3637048
CRN,1610,-124.32,43.27,4,1,1610OR Coos Bay 8 SW.txt,0.563,4.481,-1,73.3,0.502690444,0.041,0.041,135.49,70.92,56.89,0.777,400,XHD,10T,392880,4791644
CRN,1611,-99.48,46.77,6,1,1611ND Jamestown 38 WSW.txt,0.938,3.858,2.5,23.4,0.753406699,0.01,0.022,222.51,19.81,5.75,1.922,450,ISCJ,14T,463351,5179717
CRN,1612,-110.29,46.88,6,1,1612MT Lewistown 42 WSW.txt,0.856,2.514,6.8,27.4,0.733961165,0.022,0.03,165.61,30.73,8.94,1.278,300,LPQ,12T,554098,5192073
CRN,1613,-112.34,35.76,6,1,1613AZ Williams 35 NNW.txt,0.872,2.142,2.4,25.9,0.780851064,0.011,0.013,232.6,23.65,5.13,2.331,450,IACJ,12S,378860,3958157
CRN,1772,-101.61,36.57,8,1,1772OK Goodwell 2 SE.txt,0.682,3.691,8.1,33.6,0.537254902,0.016,0.044,210.62,39.75,12.29,0.857,350,IAQ,14S,266447,4050343
SCAN,15,-67,18.15,-99,1,"Maricao Forest, PR",0.729,2.383,9.3,26.1,0.587154762,0.019,0.011,72.72,21.62,13.13,1.476,300,XXX,19Q,711580,2007931
SCAN,581,-105.19,47.21,4,1,"Lindsay, MT",0.861,3.447,1.6,23.6,0.704318182,0.006,0.014,260.06,19.87,4.43,6.854,250,XACJ,13T,485611,5228518
SCAN,2001,-96.47,40.85,8,1,"Rogers Farm, NE",0.736,9.415,6.9,48.8,0.511298329,0.016,0.009,239.94,34.65,11.17,3.397,250,ISQJ,14T,713268,4525186
SCAN,2002,-93.95,45.42,2,1,"Crescent Lake, MN",0.833,3.896,2.1,29,0.688167286,0.01,0.02,229.85,21.58,6.27,4.163,200,ISCJ,15T,425674,5030047
SCAN,2006,-102.1,35.17,8,1,"Bushland, TX",0.908,3.974,0,32.3,0.784965944,0.003,0.007,280.29,26.52,3.42,1.879,300,IAQ,13S,764119,3895747
SCAN,2013,-83.43,33.88,3,1,"Watkinsville, GA",0.835,3.061,9.3,35.2,0.716814672,0.011,0.011,205.17,32.47,12.44,2.239,200,LWC,17S,275254,3751508
SCAN,2014,-83.45,39.95,4,1,"Molly Caren, OH",0.819,5.085,12,46.8,0.67287931,0.007,0.011,260.14,47.9,19.49,1.431,350,LJ,17S,290704,4425082
SCAN,2015,-105.42,34.25,6,1,"Adams Ranch, NM",0.857,3.266,2,27.9,0.730899614,0.005,0.005,217.36,25.37,5.08,2.26,250,IAQ,13S,461327,3789955
SCAN,2016,-95.98,30.08,3,1,"Prarie View, TX",0.623,12.049,0,29.8,0.218671141,0.034,0.02,0,8.4,0,1.686,450,IAF,15R,212751,3331396
SCAN,2017,-104.73,40.87,3,1,"Nunn, CO",0.804,3.754,8.9,35,0.660168582,0.002,0.013,231.22,32.81,15.43,3.66,150,LBMS,13T,522751,4524361
SCAN,2018,-104.13,42.07,1,1,"Torrington, WY",0.911,1.931,0,16.8,0.796059524,0.008,0.017,249.91,12.98,2.87,7.791,200,XACJ,13T,571972,4657914
SCAN,2021,-118.57,47,4,1,"Lind, WA",0.934,1.637,0,21.8,0.858908257,0.006,0.006,218.87,23.21,0.71,2.987,400,ISCB,11T,380640,5206360
SCAN,2022,-98.02,35.55,4,1,"Fort Reno, OK",0.74,8.136,0,40.4,0.538613861,0.009,0.008,286.93,34.91,7.33,2.255,250,ISQJ,14S,588825,3934480
SCAN,2026,-110.05,31.73,6,1,"Walnut Gulch, AZ",0.82,2.229,0,20.2,0.709653465,0.009,0.004,254.68,22.88,2.63,1.654,250,IACJ,12R,589996,3510901
SCAN,2027,-83.55,31.5,2,1,"Little River, GA",0.861,2.644,0.7,15.6,0.683550336,0.017,0.006,203.98,13.48,6.66,2.918,450,LWC,17R,257804,3487833
SCAN,2028,-76.67,40.67,4,1,"Manhantago, PA",0.724,4.33,6.6,31.7,0.55149004,0.005,0.017,251.54,27.76,9.78,2.985,350,LJ,18T,358849,4503465
SCAN,2035,-90.35,34.07,4,1,"Vance, MS",0.708,4.478,23.9,49.8,0.535104247,0.006,0.003,197.3,46.58,29.41,1.47,400,LJ,15S,744553,3773087
SCAN,2036,-77.93,40.72,6,1,"Rock Springs, PA",0.71,6.201,1.8,39.6,0.545952381,0.007,0.007,217.34,29.27,7.98,2.585,400,LJ,18T,252526,4511805
SCAN,2038,-81.2,32.67,2,1,"Youman's Farm, SC",0.727,3.817,2.3,32.9,0.602261438,0.009,0.007,264.27,38.04,6.49,0.667,400,LJ,17S,481247,3614721
SCAN,2039,-78.12,38.23,8,1,"N. Piedmont, VA",0.877,4.606,6,40.6,0.743878613,0.007,0.009,252.5,37.75,5.48,2.547,500,LJ,17S,752089,4235257
SCAN,2041,-72.83,44.53,3,1,"Mt. Mansfield, VT",0.549,5.197,19,62.7,0.430075515,0.049,0.047,289.27,52.56,29.83,2.569,100,LJ,18T,672422,4933031
SCAN,2049,-76.85,39.02,3,1,"Powder Mill, MD",0.88,3.264,0.7,28.9,0.764255319,0.007,0.008,231.82,29.54,2.56,1.076,400,LJ,18S,339844,4320624
SCAN,2053,-86.53,34.9,4,1,"WTARS, AL",0.952,4.293,7.7,40.3,0.820312883,0.029,0.022,151.93,45.43,11.46,1.156,450,LWC,16S,542940,3862054
SCAN,2056,-86.68,34.43,3,1,"Stanley Farm, AL",0.861,4.041,13.2,43.6,0.728072368,0.014,0.012,233.13,40.9,14.96,1.802,500,LWC,16S,529401,3809881
SCAN,2057,-86.55,34.78,4,1,"AAMU/JTG, AL",0.825,4.15,6.8,37.8,0.691129032,0.005,0.007,270.51,29.84,10.03,2.156,400,LWC,16S,541172,3848738
SCAN,2067,-66.87,17.97,-99,1,"Bosque Seco, PR",0.795,2.711,0,25.2,0.687420635,0.049,0.006,48.03,29.72,2.72,1.929,250,XXX,19Q,725567,1988160
SCAN,2068,-95.77,42.43,4,1,"Shagbark Hills, IA",0.773,5.317,11.8,47.6,0.624480447,0.029,0.019,132.08,40.43,18.76,3.778,250,ISQJ,15T,272138,4701238
SCAN,2069,-71.72,43.93,3,1,"Hubbard Brook, NH",0.889,1.286,17.1,31.5,0.799694444,0.011,0.01,249.99,33.6,19.15,0.687,500,LJ,19T,281667,4867695
SCAN,2072,-96.61,43.74,4,1,"Eros Data Center, SD",0.746,7.049,13,44.3,0.520792332,0.007,0.011,225.62,38.91,17.25,2.832,250,ISCJ,14T,692453,4845771
SCAN,2073,-81.08,41.8,6,1,"Sunleaf Nursery, OH",0.927,2.993,9.6,30.6,0.78447619,0.008,0.008,247.62,29.04,13.34,2.661,400,LPC,17T,493353,4627573
SCAN,2074,-121.39,42.02,1,1,"Lynhart Ranch, OR",0.681,3.242,0,19.8,0.517262626,0.014,0.017,248.47,13.73,5.57,4.168,200,ISCB,10T,633296,4653250
SCAN,2076,-86.89,35.07,4,1,"Allen Farm, TN",0.654,7.441,3.6,47.5,0.484501139,0.008,0.007,294.67,44.79,12.25,1.004,500,LWC,16S,510029,3880811
SCAN,2077,-86.19,35.14,4,1,"Eastview Farm, TN",0.771,4.853,13.5,41.9,0.600119718,0.003,0.003,285.11,35.85,16.32,1.649,500,LWC,16S,573788,3888868
SCAN,2078,-86.6,34.89,4,1,"Bragg Farm, AL",0.609,4.406,14.1,41,0.445208178,0.018,0.006,78.88,33.02,20.01,2.241,500,LWC,16S,536549,3860917
SCAN,2086,-90.51,33.09,8,1,"Silver City, MS",0.815,4.425,12.8,43.1,0.668960396,0.011,0.003,279.75,38.42,14.55,2.22,450,LWC,15S,732398,3664022
SCAN,2089,-80.13,36.63,3,1,"Reynolds Homestead, VA",0.867,4.764,8.6,48.3,0.747,0.017,0.01,257.75,41.91,11.88,1.502,400,LJ,17S,577783,4054180
SCAN,2090,-92.92,35.21,4,1,"UAPB Point (Rem.?), AR",0.733,4.731,4.6,42.4,0.60784127,0.007,0.003,172.14,35.1,12.06,1.017,400,LPC,15S,507281,3896334
SCAN,2092,-97.09,37.13,4,1,"Abrams, KS",0.9,2.237,6,29,0.80273913,0.006,0.008,239.4,24.04,9,2.649,300,IAQ,14S,669663,4111001
SCAN,2093,-99.33,39.79,4,1,"Phillipsburg, KS",0.794,4.899,4,35.2,0.636980769,0.011,0.011,254.41,27.04,7.76,4.487,200,IAQ,14S,471745,4404501
SCAN,2098,-155.33,19.79,-99,1,"Pua Akala, HI",0.533,16.48,6,54.5,0.193206186,0.01,0.006,337.99,44.34,28.61,7.699,450,XXX,5Q,255896,2189924
SCAN,2099,-155.6,20.01,-99,1,"Waimea Plain, HI",0.784,7.92,9.3,48.6,0.582473282,0.008,0.003,254.28,38.91,12.28,1.458,400,XXX,5Q,227971,2214700
SCAN,2100,-155.29,20,-99,1,"Island Dairy, HI",0.772,6.726,15.7,55.7,0.60385,0.016,0.007,72.18,51.17,22.62,1.649,350,XXX,5Q,260404,2213119
SCAN,2101,-155.42,19.77,-99,1,"Silver Sword, HI",0.885,4.28,4.8,32.8,0.732142857,0.011,0.004,222.38,48.2,12.51,1.401,450,XXX,5Q,246431,2187841
SCAN,2104,-102.04,33.62,6,1,"Reese Center, TX",0.872,3.413,1.5,25.7,0.730966942,0.01,0.004,249.41,23.35,7.09,2.022,300,IAQ,13S,774608,3723953
SCAN,2105,-102.37,33.55,3,1,"Levelland, TX",0.905,2.818,0.6,29.4,0.807152778,0.007,0.007,270.88,21.77,5.76,3.404,300,IAQ,13S,744181,3715361
SCAN,2107,-103.24,33.54,3,1,"Crossroads, NM",0.946,1.448,1.7,20,0.866874317,0.008,0.007,262.24,17.46,3.73,3.552,350,IAQ,13S,663413,3712540
SCAN,2108,-103.63,33.53,6,1,"Willow Wells, NM",0.908,1.489,0,13.2,0.79519697,0.009,0.009,219.45,10.73,1.52,7.559,200,IAQ,13S,627213,3710885
SCAN,2109,-90.57,33.66,12,1,"Sandy Ridge, MS",0.9,3.442,1,29.7,0.780069686,0.011,0.01,256.97,25.03,2.77,1.719,400,LJ,15S,725321,3727107
SCAN,2115,-85.75,32.43,3,1,"Tuskegee, AL",0.881,1.86,0.1,20.9,0.791576923,0.023,0.004,70.38,17.37,3.66,2.108,500,LWC,16S,617518,3588787
SCAN,2116,-118.18,40.03,4,1,"Lovelock NNR, NV",0.787,2.703,3.3,25.5,0.665243243,0.013,0.015,194.31,15.91,6.77,9.839,500,IAQ,11T,399318,4431753
SCAN,2128,-113.64,37.63,6,1,"Enterprise, UT",0.892,1.468,1.9,20.9,0.814736842,0.005,0.008,220.49,18.61,4.3,2.53,350,IAQ,12S,267034,4168042
SCAN,2130,-109.17,37.78,3,1,"Eastland, UT",0.837,6.863,1.4,31.7,0.61049835,0.008,0.013,207.66,36.47,10.01,1.537,250,LBMS,12S,661154,4182982
SCAN,2135,-112.43,41.94,4,1,"Blue Creek, UT",0.918,3.243,6,40,0.822617647,0.001,0.008,233.12,37.31,8.27,1.811,500,LPQ,12T,381458,4644103
SCAN,2136,-111.98,41.82,8,1,"Cache Junction, UT",0.852,4.817,8.6,46,0.723203209,0.016,0.013,169.9,42.27,16.18,2.336,450,LPQ,12T,418609,4630255
SCAN,2137,-111.87,39.65,6,1,"Nephi, UT",0.888,4.323,5.4,35.1,0.742444444,0.007,0.007,254.34,60.18,11.63,0.879,450,LPQ,12S,425358,4389273
SCAN,2138,-109.36,37.67,3,1,"Alkali Mesa, UT",0.862,2.25,3.6,33.4,0.786496644,0.005,0.004,228.52,39.46,6.1,0.883,450,LBMS,12S,644635,4170467
SCAN,2140,-109.34,37.45,3,1,"McCracken Mesa, UT",0.909,2.161,4.3,28.1,0.818201681,0.007,0.006,257.07,59.19,6.45,1.323,500,LBMS,12S,646830,4146087
SCAN,2141,-115.61,36.27,6,1,"Kyle Canyon, NV",0.921,1.826,2.2,25,0.840912281,0.006,0.006,194.83,20.9,4.68,2.481,450,IAQ,11S,624852,4014792
SCAN,2144,-115.2,36.57,6,1,"Pine Nut, NV",0.876,1.571,0,14.4,0.766902778,0.004,0.004,250.19,10.88,1.63,3.439,300,IAQ,11S,661062,4048680
SCAN,2146,-115.61,36.17,6,1,"Lovell Summit, NV",0.875,3.449,0,26.8,0.74630597,0.005,0.009,233.36,22.67,4.4,3.43,450,IAQ,11S,625011,4003699
SCAN,2148,-117.01,42.95,3,1,"Jordan Valley CWMA, ID",0.948,1.593,0,26.9,0.888780669,0.023,0.02,222.4,37.87,0,1.525,450,XTM,11T,499184,4755262
SCAN,2149,-118.42,37.78,2,1,"Marble Creek, CA",0.886,1.268,0,14,0.795428571,0.018,0.012,179.92,14.74,0.42,3.39,450,XSMB,11S,374953,4182355
SCAN,2151,-111.19,41.34,6,1,"Buffalo Jump, UT",0.822,2.609,1.5,27.6,0.722038314,0.005,0.014,209.4,29.59,6.44,1.465,250,LPQ,12T,484103,4576518
SCAN,2152,-112.39,40.59,6,1,"Grantsville, UT",0.873,2.915,0,27.8,0.768143885,0.005,0.008,258.31,34.24,1.16,1.287,350,LPQ,12T,382375,4494173
